{"params": [{"rf": 0.000175, "e": 0.00035, "d": 0.00035, "betafwd": 30.0, "alpha": 50.0, "meshparam": 0.06, "ep": 0.0008, "betalat": 20.0}]}
